Mitigation,Response,mean,lcl,ucl
LEB,BPUE,0.0920635916744305,-0.284929903417034,0.575880628121345
Kite,BPUE,-0.286912235896445,-0.800811163519135,0.108503845641199
LEB,CORM_PUE,0.142783491082902,-0.210990835431136,0.62641281512235
Kite,CORM_PUE,-0.12175094405235,-0.390956753868007,0.0991166175224807
LEB,GUIL_PUE,-0.0515533434495682,-0.154660030348705,0
Kite,GUIL_PUE,-0.0842916800902641,-0.332259812972979,0.127744864790525
